"id_dim_nama_toko","nama_toko","alamat_toko"
"1","Home Essentials","Jl. Cikutra No. 9899"
"2","Auto Zone","Jl. Teuku Umar No. 3233"
"3","Home Decor","Jl. Dago No. 5253"
"4","Baby Land","Jl. Cikutra No. 9899"
"5","Kitchen Essentials","Jl. Cikawao No. 8485"
"6","Bookworm's Paradise","Jl. Dago No. 5253"
"7","Tool Shed","Jl. Siliwangi No. 5455"
"8","Baby Land","Jl. Cikapayang No. 8889"
"9","Music Lounge","Jl. Cikawao No. 6667"
"10","Craft Corner","Jl. Ahmad Yani No. 1617"
"11","Stationery Store","Jl. Cikawao No. 9697"
"12","Toyland","Jl. Cikapayang No. 8889"
"13","Toy Box","Jl. Cikawao No. 7273"
"14","Art Supplies","Jl. Raya No. 123"
"15","Comic Book Store","Jl. Ciumbuleuit No. 5051"
"16","Beauty Emporium","Jl. Veteran No. 1819"
"17","Shoe Emporium","Jl. Surya Sumantri No. 5859"
"18","Wellness Center","Jl. Merdeka No. 456"
"19","Home Decor","Jl. Riau No. 4243"
"20","Craft Corner","Jl. Sukajadi No. 4849"
"21","Garden Oasis","Jl. Pahlawan No. 789"
"22","Comic Book Store","Jl. Cikawao No. 9091"
"23","Vintage Treasures","Jl. Ciumbuleuit No. 5051"
"24","Tool Shed","Jl. Cikutra No. 9293"
"25","Sports Arena","Jl. Thamrin No. 2223"
"26","Music Lounge","Jl. Cikawao No. 9697"
"27","Music Lounge","Jl. Cikapayang No. 7071"
"28","Garden Oasis","Jl. Cikutra No. 8081"
"29","Toyland","Jl. Merdeka No. 456"
"30","Stationery Stop","Jl. Cikutra No. 8687"
"31","Book Haven","Jl. Raya No. 123"
"32","Travel Gear","Jl. Cikutra No. 6869"
"33","Jewelry Palace","Jl. Cikawao No. 9697"
"34","Garden Oasis","Jl. Dago No. 5253"
"35","Baby Boutique","Jl. Raya No. 123"
"36","Kitchen Essentials","Jl. Sisingamangaraja No. 3031"
"37","Electro World","Jl. Teuku Umar No. 3233"
"38","Home Decor","Jl. Gatot Subroto No. 1415"
"39","Sports Arena","Jl. Cikapayang No. 7071"
"40","Music Mania","Jl. Raya No. 123"
"41","Home Essentials","Jl. Raya No. 123"
"42","Pet Supplies","Jl. Imam Bonjol No. 2627"
"43","Electro World","Jl. Asia Afrika No. 2021"
"44","Gadget Galaxy","Jl. Dipati Ukur No. 3435"
"45","Toyland","Jl. Cikawao No. 7273"
"46","Jewelry Palace","Jl. Ciumbuleuit No. 5051"
"47","Vintage Treasures","Jl. Cikapayang No. 8889"
"48","Music Mania","Jl. Merdeka No. 456"
"49","Gourmet Delights","Jl. Cikapayang No. 7677"
"50","Toy Box","Jl. Ciumbuleuit No. 5051"
"51","Fashion Outlet","Jl. Cikutra No. 9899"
"52","Party Central","Jl. Teuku Umar No. 3233"
"53","Travel Gear","Jl. Sudirman No. 1213"
"54","Outdoor Adventure","Jl. Cikapayang No. 7677"
"55","Outdoor Gear","Jl. Surya Sumantri No. 5859"
"56","Sports Arena","Jl. Cihampelas No. 3637"
"57","Shoe Emporium","Jl. Cikutra No. 7475"
"58","Pet Supplies","Jl. Dipati Ukur No. 3435"
"59","Bookworm's Paradise","Jl. Sudirman No. 1213"
"60","Book Haven","Jl. Imam Bonjol No. 2627"
"61","Wellness Center","Jl. Cikapayang No. 7071"
"62","Craft Corner","Jl. Cihampelas No. 3637"
"63","Toyland","Jl. Sisingamangaraja No. 3031"
"64","Jewelry Palace","Jl. Sudirman No. 1213"
"65","Furniture Mart","Jl. Cisitu No. 6061"
"66","Food Paradise","Jl. Siliwangi No. 5455"
"67","Furniture Mart","Jl. Siliwangi No. 5455"
"68","Gourmet Delights","Jl. Cihampelas No. 3637"
"69","Pet Supplies","Jl. Padjajaran No. 5657"
"70","Baby Land","Jl. Dago No. 5253"
"71","Home Decor","Jl. Surya Sumantri No. 5859"
"72","Gift Shop","Jl. Hayam Wuruk No. 2425"
"73","Sports Zone","Jl. Cikutra No. 6869"
"74","Outdoor Gear","Jl. Cikapayang No. 7071"
"75","Outdoor Gear","Jl. Gajah Mada No. 2829"
"76","Stationery Stop","Jl. Thamrin No. 2223"
"77","Shoe Emporium","Jl. Cisitu No. 6061"
"78","Gadget Galaxy","Jl. Cikapayang No. 8889"
"79","Party Central","Jl. Cihampelas No. 3637"
"80","Outdoor Adventure","Jl. Cikutra No. 8081"
"81","Gift Shop","Jl. Cipaganti No. 4445"
"82","Gourmet Delights","Jl. Cikapayang No. 9495"
"83","Gift Shop","Jl. Sudirman No. 1213"
"84","Jewelry Palace","Jl. Juanda No. 4041"
"85","Bookworm's Paradise","Jl. Cikutra No. 7475"
"86","Baby Boutique","Jl. Cikawao No. 7273"
"87","Book Haven","Jl. Dago No. 5253"
"88","Art Supplies","Jl. Veteran No. 1819"
"89","Art Supplies","Jl. Cikapayang No. 9495"
"90","Travel Gear","Jl. Raya No. 123"
"91","Electro World","Jl. Cikutra No. 6869"
"92","Party Central","Jl. Thamrin No. 2223"
"93","Bookworm's Paradise","Jl. Cikawao No. 8485"
"94","Auto Parts","Jl. Padjajaran No. 5657"
"95","Tool Shed","Jl. Juanda No. 4041"
"96","Toyland","Jl. Padjajaran No. 5657"
"97","Wellness Center","Jl. Juanda No. 4041"
"98","Jewelry Palace","Jl. Pasteur No. 4647"
"99","Happy Mart","Jl. Padjajaran No. 5657"
"100","Pet Supplies","Jl. Pasteur No. 4647"
"101","Game Haven","Jl. Asia Afrika No. 2021"
"102","Tool Shed","Jl. Cikapayang No. 7071"
"103","Outdoor Adventure","Jl. Cipaganti No. 4445"
"104","Shoe Emporium","Jl. Setiabudi No. 3839"
"105","Tech Zone","Jl. Gatot Subroto No. 1415"
"106","Toyland","Jl. Cikutra No. 6869"
"107","Baby Boutique","Jl. Cipaganti No. 4445"
"108","Music Mania","Jl. Teuku Umar No. 3233"
"109","Sports Zone","Jl. Pahlawan No. 789"
"110","Fashion World","Jl. Cikapayang No. 9495"
"111","Comic Book Store","Jl. Asia Afrika No. 2021"
"112","Food Paradise","Jl. Cikawao No. 6667"
"113","Sports Arena","Jl. Gatot Subroto No. 1415"
"114","Vintage Treasures","Jl. Dipati Ukur No. 3435"
"115","Outdoor Adventure","Jl. Teuku Umar No. 3233"
"116","Pet Supplies","Jl. Cisitu No. 6061"
"117","Home Decor","Jl. Merdeka No. 456"
"118","Craft Corner","Jl. Cikutra No. 7475"
"119","Toy Box","Jl. Cikutra No. 8081"
"120","Beauty Emporium","Jl. Sudirman No. 1213"
"121","Gadget Galaxy","Jl. Dipati Ukur No. 3435"
"122","Stationery Stop","Jl. Asia Afrika No. 2021"
"123","Shoe Emporium","Jl. Cipaganti No. 4445"
"124","Outdoor Adventure","Jl. Sisingamangaraja No. 3031"
"125","Stationery Stop","Jl. Merdeka No. 456"
"126","Sports Zone","Jl. Diponegoro No. 1011"
"127","Book Haven","Jl. Cikutra No. 8081"
"128","Game Haven","Jl. Veteran No. 1819"
"129","Pet Supplies","Jl. Cikutra No. 6869"
"130","Tool Shed","Jl. Ciumbuleuit No. 5051"
"131","Happy Mart","Jl. Raya No. 123"
"132","Wellness Center","Jl. Merdeka No. 456"
"133","Comic Book Store","Jl. Merdeka No. 456"
"134","Tool Shed","Jl. Asia Afrika No. 2021"
"135","Baby Boutique","Jl. Sudirman No. 1213"
"136","Art Supplies","Jl. Cikapayang No. 7071"
"137","Beauty Boutique","Jl. Raya No. 123"
"138","Jewelry Palace","Jl. Gatot Subroto No. 1415"
"139","Wellness Center","Jl. Riau No. 4243"
"140","Wellness Center","Jl. Cikutra No. 6263"
"141","Jewelry Palace","Jl. Cikapayang No. 9495"
"142","Gift Shop","Jl. Cikawao No. 7879"
"143","Travel Gear","Jl. Cikutra No. 9899"
"144","Tool Shed","Jl. Cikawao No. 8485"
"145","Stationery Store","Jl. Veteran No. 1819"
"146","Garden Oasis","Jl. Asia Afrika No. 2021"
"147","Vintage Treasures","Jl. Juanda No. 4041"
"148","Garden Oasis","Jl. Thamrin No. 2223"
"149","Music Lounge","Jl. Dipati Ukur No. 3435"
"150","Game Haven","Jl. Cikapayang No. 7677"
"151","Electro World","Jl. Cikapayang No. 7071"
"152","Shoe Emporium","Jl. Cikapayang No. 7677"
"153","Home Decor","Jl. Cikapayang No. 9495"
"154","Gadget Galaxy","Jl. Surya Sumantri No. 5859"
"155","Furniture Mart","Jl. Siliwangi No. 5455"
"156","Gourmet Delights","Jl. Dipati Ukur No. 3435"
"157","Stationery Stop","Jl. Gajah Mada No. 2829"
"158","Tool Shed","Jl. Padjajaran No. 5657"
"159","Fashion Outlet","Jl. Cikutra No. 6263"
"160","Craft Corner","Jl. Cipaganti No. 4445"
"161","Gadget Galaxy","Jl. Asia Afrika No. 2021"
"162","Gift Shop","Jl. Pasteur No. 4647"
"163","Art Gallery","Jl. Cikutra No. 7475"
"164","Outdoor Gear","Jl. Surya Sumantri No. 5859"
"165","Shoe Emporium","Jl. Cikutra No. 9899"
"166","Supermart","Jl. Raya No. 123"
"167","Gift Shop","Jl. Gajah Mada No. 2829"
"168","Gourmet Delights","Jl. Cikapayang No. 6465"
"169","Jewelry Palace","Jl. Ahmad Yani No. 1617"
"170","Craft Corner","Jl. Cikapayang No. 6465"
"171","Outdoor Gear","Jl. Cikawao No. 7273"
"172","Gift Shop","Jl. Cikutra No. 8687"
"173","Auto Zone","Jl. Ahmad Yani No. 1617"
"174","Electro World","Jl. Gatot Subroto No. 1415"
"175","Music Mania","Jl. Padjajaran No. 5657"
"176","Electronics Express","Jl. Sudirman No. 1213"
"177","Pet Supplies","Jl. Sukajadi No. 4849"
"178","Stationery Store","Jl. Ahmad Yani No. 1617"
"179","Vintage Treasures","Jl. Sisingamangaraja No. 3031"
"180","Gift Shop","Jl. Sukajadi No. 4849"
"181","Home Decor","Jl. Ahmad Yani No. 1617"
"182","Garden Oasis","Jl. Padjajaran No. 5657"
"183","Fitness Hub","Jl. Sukajadi No. 4849"
"184","Health Corner","Jl. Pasteur No. 4647"
"185","Furniture Mart","Jl. Gatot Subroto No. 1415"
"186","Beauty Boutique","Jl. Cikutra No. 9293"
"187","Furniture Mart","Jl. Cikutra No. 7475"
"188","Baby Boutique","Jl. Ahmad Yani No. 1617"
"189","Baby Land","Jl. Cikutra No. 6869"
"190","Art Gallery","Jl. Cikapayang No. 7677"
"191","Shoe Emporium","Jl. Dipati Ukur No. 3435"
"192","Electronics Express","Jl. Cikutra No. 9293"
"193","Stationery Stop","Jl. Dipati Ukur No. 3435"
"194","Tech Zone","Jl. Cikawao No. 8485"
"195","Gourmet Delights","Jl. Setiabudi No. 3839"
"196","Music Lounge","Jl. Cikutra No. 6263"
"197","Music Lounge","Jl. Veteran No. 1819"
"198","Gadget Galaxy","Jl. Cikapayang No. 8889"
"199","Stationery Store","Jl. Pasteur No. 4647"
"200","Pet Supplies","Jl. Cikapayang No. 6465"
"201","Vintage Treasures","Jl. Diponegoro No. 1011"
"202","Pet Supplies","Jl. Cipaganti No. 4445"
"203","Art Supplies","Jl. Sukajadi No. 4849"
"204","Sports Zone","Jl. Cikutra No. 7475"
"205","Music Lounge","Jl. Teuku Umar No. 3233"
"206","Health Corner","Jl. Siliwangi No. 5455"
"207","Tool Shed","Jl. Gajah Mada No. 2829"
"208","Art Gallery","Jl. Surya Sumantri No. 5859"
"209","Gourmet Delights","Jl. Siliwangi No. 5455"
"210","Gourmet Delights","Jl. Raya No. 123"
"211","Music Mania","Jl. Thamrin No. 2223"
"212","Beauty Emporium","Jl. Sisingamangaraja No. 3031"
"213","Wellness Center","Jl. Cikutra No. 9293"
"214","Party Central","Jl. Sukajadi No. 4849"
"215","Baby Boutique","Jl. Cikutra No. 6869"
"216","Beauty Boutique","Jl. Sudirman No. 1213"
"217","Home Decor","Jl. Sisingamangaraja No. 3031"
"218","Wellness Center","Jl. Veteran No. 1819"
"219","Bookworm's Paradise","Jl. Cikawao No. 7273"
"220","Toy Box","Jl. Cikawao No. 9091"
"221","Shoe Emporium","Jl. Cikawao No. 9697"
"222","Craft Corner","Jl. Cisitu No. 6061"
"223","Pet Shop","Jl. Siliwangi No. 5455"
"224","Outdoor Adventure","Jl. Cikutra No. 9899"
"225","Supermart","Jl. Cikutra No. 9899"
"226","Home Decor","Jl. Siliwangi No. 5455"
"227","Party Central","Jl. Raya No. 123"
"228","Pet Supplies","Jl. Cikawao No. 8485"
"229","Vintage Treasures","Jl. Diponegoro No. 1011"
"230","Stationery Store","Jl. Cikutra No. 8081"
"231","Art Gallery","Jl. Ahmad Yani No. 1617"
"232","Home Essentials","Jl. Cikutra No. 8081"
"233","Art Supplies","Jl. Riau No. 4243"
"234","Beauty Boutique","Jl. Imam Bonjol No. 2627"
"235","Stationery Store","Jl. Cikapayang No. 8283"
"236","Stationery Stop","Jl. Gajah Mada No. 2829"
"237","Beauty Boutique","Jl. Cikutra No. 8687"
"238","Pet Shop","Jl. Gatot Subroto No. 1415"
"239","Fashion Outlet","Jl. Ciumbuleuit No. 5051"
"240","Baby Boutique","Jl. Raya No. 123"
"241","Baby Land","Jl. Thamrin No. 2223"
"242","Kitchen Essentials","Jl. Padjajaran No. 5657"
"243","Health Corner","Jl. Thamrin No. 2223"
"244","Baby Boutique","Jl. Cikutra No. 9293"
"245","Craft Corner","Jl. Sukajadi No. 4849"
"246","Bookworm's Paradise","Jl. Sisingamangaraja No. 3031"
"247","Toy Box","Jl. Riau No. 4243"
"248","Toyland","Jl. Hayam Wuruk No. 2425"
"249","Gourmet Delights","Jl. Pasteur No. 4647"
"250","Electro World","Jl. Cihampelas No. 3637"
"251","Sports Zone","Jl. Asia Afrika No. 2021"
"252","Music Mania","Jl. Setiabudi No. 3839"
"253","Baby Land","Jl. Asia Afrika No. 2021"
"254","Comic Book Store","Jl. Cikapayang No. 8283"
"255","Toyland","Jl. Ahmad Yani No. 1617"
"256","Sports Arena","Jl. Cikutra No. 6263"
"257","Supermart","Jl. Siliwangi No. 5455"
"258","Gadget Galaxy","Jl. Riau No. 4243"
"259","Gadget Galaxy","Jl. Ciumbuleuit No. 5051"
"260","Stationery Stop","Jl. Setiabudi No. 3839"
"261","Outdoor Adventure","Jl. Dago No. 5253"
"262","Shoe Emporium","Jl. Setiabudi No. 3839"
"263","Craft Corner","Jl. Cikawao No. 9697"
"264","Electronics Express","Jl. Dago No. 5253"
"265","Baby Land","Jl. Cikapayang No. 9495"
"266","Gadget Galaxy","Jl. Cikutra No. 6263"
"267","Fitness Hub","Jl. Juanda No. 4041"
"268","Beauty Emporium","Jl. Cikapayang No. 7677"
"269","Travel Gear","Jl. Cikawao No. 9091"
"270","Tool Shed","Jl. Ahmad Yani No. 1617"
"271","Fashion Outlet","Jl. Juanda No. 4041"
"272","Electronics Express","Jl. Juanda No. 4041"
"273","Electro World","Jl. Sisingamangaraja No. 3031"
"274","Art Supplies","Jl. Cikawao No. 8485"
"275","Fitness Hub","Jl. Dipati Ukur No. 3435"
"276","Gadget Galaxy","Jl. Cikapayang No. 8889"
"277","Party Central","Jl. Veteran No. 1819"
"278","Happy Mart","Jl. Cikutra No. 9899"
"279","Fashion World","Jl. Siliwangi No. 5455"
"280","Fashion Outlet","Jl. Setiabudi No. 3839"
"281","Happy Mart","Jl. Cikutra No. 6263"
"282","Sports Arena","Jl. Cikapayang No. 6465"
"283","Home Decor","Jl. Cikawao No. 6667"
"284","Home Decor","Jl. Cikapayang No. 8283"
"285","Stationery Stop","Jl. Cikawao No. 7273"
"286","Stationery Stop","Jl. Cikawao No. 7879"
"287","Bookworm's Paradise","Jl. Asia Afrika No. 2021"
"288","Pet Supplies","Jl. Pasteur No. 4647"
"289","Game Haven","Jl. Cikutra No. 8081"
"290","Stationery Store","Jl. Sisingamangaraja No. 3031"
"291","Gadget Galaxy","Jl. Cikapayang No. 8889"
"292","Beauty Boutique","Jl. Cipaganti No. 4445"
"293","Sports Arena","Jl. Sukajadi No. 4849"
"294","Wellness Center","Jl. Sudirman No. 1213"
"295","Comic Book Store","Jl. Cikawao No. 9697"
"296","Party Central","Jl. Cikawao No. 9697"
"297","Wellness Center","Jl. Cikutra No. 6263"
"298","Electro World","Jl. Thamrin No. 2223"
"299","Gift Shop","Jl. Cikapayang No. 9495"
"300","Home Essentials","Jl. Cihampelas No. 3637"
"301","Home Essentials","Jl. Asia Afrika No. 2021"
"302","Food Paradise","Jl. Ciumbuleuit No. 5051"
"303","Toy Box","Jl. Cikutra No. 6263"
"304","Sports Zone","Jl. Cikawao No. 7273"
"305","Book Haven","Jl. Diponegoro No. 1011"
"306","Outdoor Gear","Jl. Surya Sumantri No. 5859"
"307","Gift Shop","Jl. Raya No. 123"
"308","Baby Boutique","Jl. Sukajadi No. 4849"
"309","Music Lounge","Jl. Sudirman No. 1213"
"310","Fashion Outlet","Jl. Cikutra No. 9293"
"311","Comic Book Store","Jl. Sukajadi No. 4849"
"312","Outdoor Gear","Jl. Imam Bonjol No. 2627"
"313","Outdoor Adventure","Jl. Cikawao No. 7273"
"314","Music Lounge","Jl. Hayam Wuruk No. 2425"
"315","Gourmet Delights","Jl. Cipaganti No. 4445"
"316","Auto Zone","Jl. Cikutra No. 9899"
"317","Wellness Center","Jl. Sudirman No. 1213"
"318","Tech Zone","Jl. Cikutra No. 9899"
"319","Kitchen Essentials","Jl. Cikawao No. 7273"
"320","Craft Corner","Jl. Hayam Wuruk No. 2425"
"321","Stationery Stop","Jl. Cikutra No. 9293"
"322","Comic Book Store","Jl. Cikawao No. 7273"
"323","Health Corner","Jl. Siliwangi No. 5455"
"324","Happy Mart","Jl. Cikutra No. 7475"
"325","Supermart","Jl. Thamrin No. 2223"
"326","Tech Zone","Jl. Gajah Mada No. 2829"
"327","Garden Oasis","Jl. Cikutra No. 8687"
"328","Party Central","Jl. Ciumbuleuit No. 5051"
"329","Health Corner","Jl. Merdeka No. 456"
"330","Beauty Emporium","Jl. Teuku Umar No. 3233"
"331","Tool Shed","Jl. Hayam Wuruk No. 2425"
"332","Sports Arena","Jl. Padjajaran No. 5657"
"333","Toyland","Jl. Cisitu No. 6061"
"334","Tech Zone","Jl. Raya No. 123"
"335","Supermart","Jl. Cikawao No. 7273"
"336","Food Paradise","Jl. Cikapayang No. 8283"
"337","Bookworm's Paradise","Jl. Ciumbuleuit No. 5051"
"338","Happy Mart","Jl. Dipati Ukur No. 3435"
"339","Electro World","Jl. Cikutra No. 6869"
"340","Gourmet Delights","Jl. Gatot Subroto No. 1415"
"341","Vintage Treasures","Jl. Juanda No. 4041"
"342","Pet Shop","Jl. Gajah Mada No. 2829"
"343","Electro World","Jl. Dipati Ukur No. 3435"
"344","Gift Shop","Jl. Veteran No. 1819"
"345","Electro World","Jl. Gatot Subroto No. 1415"
"346","Food Paradise","Jl. Gajah Mada No. 2829"
"347","Vintage Treasures","Jl. Cikapayang No. 7677"
"348","Fitness Hub","Jl. Cikutra No. 9293"
"349","Auto Zone","Jl. Pasteur No. 4647"
"350","Travel Gear","Jl. Riau No. 4243"
"351","Home Essentials","Jl. Gatot Subroto No. 1415"
"352","Sports Zone","Jl. Cikawao No. 7879"
"353","Sports Arena","Jl. Sisingamangaraja No. 3031"
"354","Tech Zone","Jl. Sudirman No. 1213"
"355","Tool Shed","Jl. Padjajaran No. 5657"
"356","Music Lounge","Jl. Cikapayang No. 8889"
"357","Electro World","Jl. Juanda No. 4041"
"358","Comic Book Store","Jl. Riau No. 4243"
"359","Home Decor","Jl. Imam Bonjol No. 2627"
"360","Baby Land","Jl. Cipaganti No. 4445"
"361","Pet Supplies","Jl. Cikapayang No. 8889"
"362","Auto Parts","Jl. Dipati Ukur No. 3435"
"363","Beauty Emporium","Jl. Hayam Wuruk No. 2425"
"364","Garden Oasis","Jl. Cikutra No. 9899"
"365","Art Supplies","Jl. Cikutra No. 9293"
"366","Sports Arena","Jl. Surya Sumantri No. 5859"
"367","Home Decor","Jl. Cikutra No. 8687"
"368","Gourmet Delights","Jl. Teuku Umar No. 3233"
"369","Outdoor Gear","Jl. Cikapayang No. 7071"
"370","Fashion Outlet","Jl. Sukajadi No. 4849"
"371","Supermart","Jl. Sisingamangaraja No. 3031"
"372","Music Mania","Jl. Thamrin No. 2223"
"373","Jewelry Palace","Jl. Thamrin No. 2223"
"374","Pet Shop","Jl. Veteran No. 1819"
"375","Sports Zone","Jl. Cipaganti No. 4445"
"376","Bookworm's Paradise","Jl. Gajah Mada No. 2829"
"377","Kitchen Essentials","Jl. Sisingamangaraja No. 3031"
"378","Stationery Store","Jl. Ciumbuleuit No. 5051"
"379","Stationery Stop","Jl. Teuku Umar No. 3233"
"380","Shoe Emporium","Jl. Cikutra No. 9293"
"381","Art Gallery","Jl. Siliwangi No. 5455"
"382","Baby Land","Jl. Cikutra No. 6869"
"383","Fitness Hub","Jl. Cipaganti No. 4445"
"384","Book Haven","Jl. Cikawao No. 7273"
"385","Baby Land","Jl. Gajah Mada No. 2829"
"386","Health Corner","Jl. Cikawao No. 6667"
"387","Kitchen Essentials","Jl. Cikutra No. 6869"
"388","Gift Shop","Jl. Ahmad Yani No. 1617"
"389","Supermart","Jl. Pahlawan No. 789"
"390","Beauty Boutique","Jl. Padjajaran No. 5657"
"391","Gift Shop","Jl. Gatot Subroto No. 1415"
"392","Supermart","Jl. Cikapayang No. 7677"
"393","Art Gallery","Jl. Sudirman No. 1213"
"394","Stationery Store","Jl. Thamrin No. 2223"
"395","Outdoor Adventure","Jl. Cikawao No. 9697"
"396","Vintage Treasures","Jl. Cikutra No. 9899"
"397","Tech Zone","Jl. Ahmad Yani No. 1617"
"398","Party Central","Jl. Cikutra No. 6263"
"399","Home Decor","Jl. Cikapayang No. 8889"
"400","Beauty Emporium","Jl. Cikawao No. 9697"
"401","Bookworm's Paradise","Jl. Cikapayang No. 7677"
"402","Auto Parts","Jl. Setiabudi No. 3839"
"403","Stationery Store","Jl. Riau No. 4243"
"404","Art Supplies","Jl. Cikapayang No. 8889"
"405","Art Supplies","Jl. Cihampelas No. 3637"
"406","Shoe Emporium","Jl. Cikutra No. 7475"
"407","Gadget Galaxy","Jl. Cikawao No. 7879"
"408","Vintage Treasures","Jl. Cikapayang No. 7071"
"409","Bookworm's Paradise","Jl. Cisitu No. 6061"
"410","Supermart","Jl. Cikawao No. 8485"
"411","Gourmet Delights","Jl. Teuku Umar No. 3233"
"412","Home Essentials","Jl. Juanda No. 4041"
"413","Home Decor","Jl. Dago No. 5253"
"414","Stationery Store","Jl. Cihampelas No. 3637"
"415","Stationery Stop","Jl. Cikawao No. 8485"
"416","Gift Shop","Jl. Cikutra No. 8687"
"417","Book Haven","Jl. Sukajadi No. 4849"
"418","Wellness Center","Jl. Cikutra No. 9899"
"419","Kitchen Essentials","Jl. Cikapayang No. 8283"
"420","Home Essentials","Jl. Siliwangi No. 5455"
"421","Outdoor Gear","Jl. Teuku Umar No. 3233"
"422","Stationery Stop","Jl. Merdeka No. 456"
"423","Craft Corner","Jl. Cikapayang No. 8889"
"424","Health Corner","Jl. Cikawao No. 7879"
"425","Comic Book Store","Jl. Thamrin No. 2223"
"426","Beauty Emporium","Jl. Gajah Mada No. 2829"
"427","Book Haven","Jl. Dago No. 5253"
"428","Electronics Express","Jl. Raya No. 123"
"429","Furniture Mart","Jl. Siliwangi No. 5455"
"430","Fitness Hub","Jl. Cikapayang No. 8283"
"431","Stationery Stop","Jl. Sudirman No. 1213"
"432","Fitness Hub","Jl. Siliwangi No. 5455"
"433","Baby Land","Jl. Cikapayang No. 9495"
"434","Music Lounge","Jl. Gatot Subroto No. 1415"
"435","Book Haven","Jl. Veteran No. 1819"
"436","Music Mania","Jl. Cikapayang No. 9495"
"437","Toyland","Jl. Cikutra No. 6263"
"438","Outdoor Adventure","Jl. Dago No. 5253"
"439","Travel Gear","Jl. Hayam Wuruk No. 2425"
"440","Beauty Emporium","Jl. Cikapayang No. 7677"
"441","Baby Boutique","Jl. Surya Sumantri No. 5859"
"442","Fashion Outlet","Jl. Cikawao No. 6667"
"443","Beauty Boutique","Jl. Teuku Umar No. 3233"
"444","Auto Parts","Jl. Sukajadi No. 4849"
"445","Beauty Boutique","Jl. Cikutra No. 9899"
"446","Electro World","Jl. Teuku Umar No. 3233"
"447","Music Lounge","Jl. Imam Bonjol No. 2627"
"448","Beauty Emporium","Jl. Gatot Subroto No. 1415"
"449","Toyland","Jl. Cikutra No. 8687"
"450","Art Gallery","Jl. Setiabudi No. 3839"
"451","Fashion Outlet","Jl. Cikutra No. 6263"
"452","Stationery Stop","Jl. Cikutra No. 9899"
"453","Garden Oasis","Jl. Cikapayang No. 7071"
"454","Pet Shop","Jl. Cikutra No. 6263"
"455","Electro World","Jl. Cikutra No. 6263"
"456","Music Mania","Jl. Padjajaran No. 5657"
"457","Auto Parts","Jl. Pahlawan No. 789"
"458","Toy Box","Jl. Cikutra No. 8687"
"459","Stationery Stop","Jl. Hayam Wuruk No. 2425"
"460","Sports Arena","Jl. Imam Bonjol No. 2627"
"461","Art Supplies","Jl. Cihampelas No. 3637"
"462","Sports Arena","Jl. Padjajaran No. 5657"
"463","Kitchen Essentials","Jl. Cikawao No. 9697"
"464","Gadget Galaxy","Jl. Cikawao No. 9091"
"465","Kitchen Essentials","Jl. Cikawao No. 8485"
"466","Beauty Emporium","Jl. Cisitu No. 6061"
"467","Jewelry Palace","Jl. Ciumbuleuit No. 5051"
"468","Gourmet Delights","Jl. Cikapayang No. 8889"
"469","Bookworm's Paradise","Jl. Cikutra No. 7475"
"470","Sports Arena","Jl. Cikapayang No. 8889"
"471","Sports Arena","Jl. Pasteur No. 4647"
"472","Garden Oasis","Jl. Cikawao No. 8485"
"473","Gourmet Delights","Jl. Asia Afrika No. 2021"
"474","Music Lounge","Jl. Ahmad Yani No. 1617"
"475","Baby Boutique","Jl. Teuku Umar No. 3233"
"476","Craft Corner","Jl. Gatot Subroto No. 1415"
"477","Electro World","Jl. Thamrin No. 2223"
"478","Electronics Express","Jl. Cikawao No. 8485"
"479","Wellness Center","Jl. Dipati Ukur No. 3435"
"480","Stationery Stop","Jl. Cikutra No. 6869"
"481","Gift Shop","Jl. Cikapayang No. 7677"
"482","Baby Boutique","Jl. Cikawao No. 8485"
"483","Wellness Center","Jl. Sukajadi No. 4849"
"484","Music Lounge","Jl. Teuku Umar No. 3233"
"485","Vintage Treasures","Jl. Sukajadi No. 4849"
"486","Supermart","Jl. Surya Sumantri No. 5859"
"487","Wellness Center","Jl. Cipaganti No. 4445"
"488","Jewelry Palace","Jl. Hayam Wuruk No. 2425"
"489","Art Gallery","Jl. Dago No. 5253"
"490","Garden Oasis","Jl. Cikapayang No. 9495"
"491","Home Decor","Jl. Ahmad Yani No. 1617"
"492","Tech Zone","Jl. Imam Bonjol No. 2627"
"493","Garden Oasis","Jl. Sudirman No. 1213"
"494","Fashion Outlet","Jl. Merdeka No. 456"
"495","Outdoor Gear","Jl. Cikutra No. 9293"
"496","Gourmet Delights","Jl. Dago No. 5253"
"497","Outdoor Adventure","Jl. Riau No. 4243"
"498","Auto Parts","Jl. Pahlawan No. 789"
"499","Comic Book Store","Jl. Cikutra No. 7475"
"500","Beauty Boutique","Jl. Pasteur No. 4647"
"501","Art Supplies","Jl. Cikapayang No. 8889"
"502","Sports Zone","Jl. Cikutra No. 6869"
"503","Home Decor","Jl. Padjajaran No. 5657"
"504","Auto Zone","Jl. Cikapayang No. 9495"
"505","Happy Mart","Jl. Merdeka No. 456"
"506","Fashion Outlet","Jl. Cikutra No. 9293"
"507","Wellness Center","Jl. Cikutra No. 6263"
"508","Fashion Outlet","Jl. Diponegoro No. 1011"
"509","Electronics Express","Jl. Cikutra No. 6869"
"510","Tech Zone","Jl. Cikawao No. 6667"
"511","Auto Parts","Jl. Sukajadi No. 4849"
"512","Gadget Galaxy","Jl. Cikutra No. 8081"
"513","Home Decor","Jl. Setiabudi No. 3839"
"514","Sports Arena","Jl. Cikutra No. 6263"
"515","Baby Land","Jl. Pahlawan No. 789"
"516","Sports Arena","Jl. Asia Afrika No. 2021"
"517","Stationery Store","Jl. Padjajaran No. 5657"
"518","Book Haven","Jl. Sisingamangaraja No. 3031"
"519","Beauty Boutique","Jl. Cikawao No. 9697"
"520","Bookworm's Paradise","Jl. Sukajadi No. 4849"
"521","Furniture Mart","Jl. Cikapayang No. 7071"
"522","Wellness Center","Jl. Cikapayang No. 6465"
"523","Art Gallery","Jl. Siliwangi No. 5455"
"524","Home Essentials","Jl. Siliwangi No. 5455"
"525","Music Lounge","Jl. Pahlawan No. 789"
"526","Garden Oasis","Jl. Asia Afrika No. 2021"
"527","Garden Oasis","Jl. Cikutra No. 7475"
"528","Art Supplies","Jl. Cikutra No. 8687"
"529","Toyland","Jl. Thamrin No. 2223"
"530","Home Essentials","Jl. Setiabudi No. 3839"
"531","Comic Book Store","Jl. Pasteur No. 4647"
"532","Furniture Mart","Jl. Raya No. 123"
"533","Fitness Hub","Jl. Cikutra No. 8081"
"534","Art Supplies","Jl. Sisingamangaraja No. 3031"
"535","Art Supplies","Jl. Cipaganti No. 4445"
"536","Happy Mart","Jl. Cikutra No. 9293"
"537","Book Haven","Jl. Dipati Ukur No. 3435"
"538","Happy Mart","Jl. Cikutra No. 6263"
"539","Pet Supplies","Jl. Cikapayang No. 9495"
"540","Fashion World","Jl. Pahlawan No. 789"
"541","Health Corner","Jl. Cikutra No. 6869"
"542","Home Decor","Jl. Sisingamangaraja No. 3031"
"543","Tool Shed","Jl. Cikapayang No. 8283"
"544","Kitchen Essentials","Jl. Cikapayang No. 6465"
"545","Fitness Hub","Jl. Siliwangi No. 5455"
"546","Furniture Mart","Jl. Cikutra No. 9293"
"547","Fashion World","Jl. Pasteur No. 4647"
"548","Fitness Hub","Jl. Cikapayang No. 6465"
"549","Jewelry Palace","Jl. Cikawao No. 6667"
"550","Health Corner","Jl. Cikutra No. 8687"
"551","Game Haven","Jl. Cipaganti No. 4445"
"552","Electronics Express","Jl. Cikutra No. 8081"
"553","Vintage Treasures","Jl. Thamrin No. 2223"
"554","Craft Corner","Jl. Cikapayang No. 9495"
"555","Fashion Outlet","Jl. Raya No. 123"
"556","Sports Zone","Jl. Padjajaran No. 5657"
"557","Wellness Center","Jl. Padjajaran No. 5657"
"558","Fitness Hub","Jl. Padjajaran No. 5657"
"559","Shoe Emporium","Jl. Pasteur No. 4647"
"560","Sports Arena","Jl. Surya Sumantri No. 5859"
"561","Art Gallery","Jl. Ciumbuleuit No. 5051"
"562","Electro World","Jl. Surya Sumantri No. 5859"
"563","Art Supplies","Jl. Pahlawan No. 789"
"564","Baby Boutique","Jl. Gatot Subroto No. 1415"
"565","Game Haven","Jl. Teuku Umar No. 3233"
"566","Stationery Store","Jl. Gajah Mada No. 2829"
"567","Stationery Stop","Jl. Cikawao No. 8485"
"568","Auto Zone","Jl. Cikapayang No. 9495"
"569","Auto Zone","Jl. Sudirman No. 1213"
"570","Gourmet Delights","Jl. Asia Afrika No. 2021"
"571","Happy Mart","Jl. Padjajaran No. 5657"
"572","Garden Oasis","Jl. Gatot Subroto No. 1415"
"573","Auto Parts","Jl. Cisitu No. 6061"
"574","Comic Book Store","Jl. Cikutra No. 7475"
"575","Art Supplies","Jl. Padjajaran No. 5657"
"576","Music Mania","Jl. Veteran No. 1819"
"577","Jewelry Palace","Jl. Cikutra No. 6263"
"578","Health Corner","Jl. Cisitu No. 6061"
"579","Health Corner","Jl. Surya Sumantri No. 5859"
"580","Supermart","Jl. Hayam Wuruk No. 2425"
"581","Book Haven","Jl. Sukajadi No. 4849"
"582","Game Haven","Jl. Cikutra No. 8081"
"583","Sports Arena","Jl. Hayam Wuruk No. 2425"
"584","Comic Book Store","Jl. Sudirman No. 1213"
"585","Wellness Center","Jl. Dipati Ukur No. 3435"
"586","Toyland","Jl. Cikutra No. 8687"
"587","Game Haven","Jl. Cikawao No. 9091"
"588","Travel Gear","Jl. Cikapayang No. 8283"
"589","Sports Arena","Jl. Cikapayang No. 6465"
"590","Music Mania","Jl. Cikutra No. 8081"
"591","Stationery Stop","Jl. Raya No. 123"
"592","Stationery Store","Jl. Sisingamangaraja No. 3031"
"593","Garden Oasis","Jl. Cikapayang No. 8283"
"594","Gift Shop","Jl. Cikapayang No. 7071"
"595","Book Haven","Jl. Cikutra No. 7475"
"596","Kitchen Essentials","Jl. Cikawao No. 6667"
"597","Outdoor Adventure","Jl. Pasteur No. 4647"
"598","Auto Parts","Jl. Cikapayang No. 7071"
"599","Fashion Outlet","Jl. Cikapayang No. 6465"
"600","Comic Book Store","Jl. Setiabudi No. 3839"
"601","Stationery Stop","Jl. Cikapayang No. 7071"
"602","Garden Oasis","Jl. Cikawao No. 9091"
"603","Toyland","Jl. Siliwangi No. 5455"
"604","Home Decor","Jl. Merdeka No. 456"
"605","Music Lounge","Jl. Sukajadi No. 4849"
"606","Electro World","Jl. Gajah Mada No. 2829"
"607","Toy Box","Jl. Gatot Subroto No. 1415"
"608","Pet Supplies","Jl. Sudirman No. 1213"
"609","Baby Land","Jl. Cipaganti No. 4445"
"610","Music Lounge","Jl. Cikapayang No. 7071"
"611","Sports Zone","Jl. Cikapayang No. 9495"
"612","Toy Box","Jl. Sisingamangaraja No. 3031"
"613","Music Lounge","Jl. Cikutra No. 6263"
"614","Jewelry Palace","Jl. Cikawao No. 7273"
"615","Bookworm's Paradise","Jl. Thamrin No. 2223"
"616","Travel Gear","Jl. Ciumbuleuit No. 5051"
"617","Bookworm's Paradise","Jl. Cikapayang No. 8889"
"618","Fitness Hub","Jl. Riau No. 4243"
"619","Wellness Center","Jl. Pasteur No. 4647"
"620","Fashion World","Jl. Cikawao No. 7879"
"621","Kitchen Essentials","Jl. Imam Bonjol No. 2627"
"622","Comic Book Store","Jl. Cikawao No. 6667"
"623","Outdoor Adventure","Jl. Pasteur No. 4647"
"624","Wellness Center","Jl. Cihampelas No. 3637"
"625","Electro World","Jl. Gatot Subroto No. 1415"
"626","Music Lounge","Jl. Setiabudi No. 3839"
"627","Gourmet Delights","Jl. Riau No. 4243"
"628","Home Essentials","Jl. Cikutra No. 8687"
"629","Toy Box","Jl. Asia Afrika No. 2021"
"630","Music Lounge","Jl. Cikutra No. 9293"
"631","Stationery Store","Jl. Cikutra No. 9293"
"632","Art Supplies","Jl. Cikutra No. 9293"
"633","Stationery Store","Jl. Teuku Umar No. 3233"
"634","Tech Zone","Jl. Cikawao No. 8485"
"635","Outdoor Gear","Jl. Cikawao No. 7879"
"636","Gift Shop","Jl. Cikutra No. 8081"
"637","Happy Mart","Jl. Riau No. 4243"
"638","Electronics Express","Jl. Cikutra No. 6263"
"639","Bookworm's Paradise","Jl. Cikutra No. 8081"
"640","Bookworm's Paradise","Jl. Sudirman No. 1213"
"641","Fitness Hub","Jl. Dipati Ukur No. 3435"
"642","Travel Gear","Jl. Cikapayang No. 6465"
"643","Garden Oasis","Jl. Cikutra No. 9899"
"644","Bookworm's Paradise","Jl. Dago No. 5253"
"645","Electronics Express","Jl. Cisitu No. 6061"
"646","Comic Book Store","Jl. Merdeka No. 456"
"647","Pet Supplies","Jl. Cikawao No. 9091"
"648","Gift Shop","Jl. Cikapayang No. 7677"
"649","Kitchen Essentials","Jl. Siliwangi No. 5455"
"650","Wellness Center","Jl. Imam Bonjol No. 2627"
"651","Music Mania","Jl. Cikapayang No. 9495"
"652","Stationery Store","Jl. Cikawao No. 6667"
"653","Furniture Mart","Jl. Cikutra No. 9899"
"654","Bookworm's Paradise","Jl. Diponegoro No. 1011"
"655","Baby Boutique","Jl. Cikutra No. 7475"
"656","Home Essentials","Jl. Pahlawan No. 789"
"657","Toyland","Jl. Imam Bonjol No. 2627"
"658","Stationery Stop","Jl. Surya Sumantri No. 5859"
"659","Auto Zone","Jl. Diponegoro No. 1011"
"660","Pet Shop","Jl. Sukajadi No. 4849"
"661","Gift Shop","Jl. Cikapayang No. 8889"
"662","Toyland","Jl. Dago No. 5253"
"663","Fashion World","Jl. Cikawao No. 9697"
"664","Furniture Mart","Jl. Cikapayang No. 8283"
"665","Health Corner","Jl. Siliwangi No. 5455"
"666","Art Supplies","Jl. Cihampelas No. 3637"
"667","Book Haven","Jl. Dipati Ukur No. 3435"
"668","Food Paradise","Jl. Sudirman No. 1213"
"669","Party Central","Jl. Cikapayang No. 8283"
"670","Vintage Treasures","Jl. Cipaganti No. 4445"
"671","Outdoor Adventure","Jl. Diponegoro No. 1011"
"672","Travel Gear","Jl. Gatot Subroto No. 1415"
"673","Book Haven","Jl. Juanda No. 4041"
"674","Garden Oasis","Jl. Sukajadi No. 4849"
"675","Auto Zone","Jl. Cisitu No. 6061"
"676","Toy Box","Jl. Cikapayang No. 8889"
"677","Art Gallery","Jl. Veteran No. 1819"
"678","Vintage Treasures","Jl. Thamrin No. 2223"
"679","Party Central","Jl. Raya No. 123"
"680","Wellness Center","Jl. Gajah Mada No. 2829"
"681","Baby Land","Jl. Pahlawan No. 789"
"682","Auto Zone","Jl. Sisingamangaraja No. 3031"
"683","Sports Arena","Jl. Cikawao No. 9091"
"684","Auto Parts","Jl. Surya Sumantri No. 5859"
"685","Fashion World","Jl. Ciumbuleuit No. 5051"
"686","Fashion World","Jl. Dipati Ukur No. 3435"
"687","Fashion World","Jl. Cikawao No. 6667"
"688","Tech Zone","Jl. Cikawao No. 7273"
"689","Art Gallery","Jl. Cikapayang No. 8889"
"690","Gourmet Delights","Jl. Cisitu No. 6061"
"691","Home Decor","Jl. Veteran No. 1819"
"692","Auto Zone","Jl. Cikutra No. 8081"
"693","Art Supplies","Jl. Siliwangi No. 5455"
"694","Auto Zone","Jl. Cikutra No. 9899"
"695","Shoe Emporium","Jl. Merdeka No. 456"
"696","Jewelry Palace","Jl. Thamrin No. 2223"
"697","Auto Parts","Jl. Cisitu No. 6061"
"698","Stationery Stop","Jl. Ciumbuleuit No. 5051"
"699","Bookworm's Paradise","Jl. Cikapayang No. 8889"
"700","Game Haven","Jl. Cikutra No. 9899"
"701","Pet Supplies","Jl. Cipaganti No. 4445"
"702","Game Haven","Jl. Cikutra No. 7475"
"703","Wellness Center","Jl. Padjajaran No. 5657"
"704","Toy Box","Jl. Cikawao No. 7879"
"705","Beauty Boutique","Jl. Ahmad Yani No. 1617"
"706","Electronics Express","Jl. Sisingamangaraja No. 3031"
"707","Stationery Store","Jl. Cikapayang No. 9495"
"708","Auto Parts","Jl. Cikapayang No. 8283"
"709","Electronics Express","Jl. Cihampelas No. 3637"
"710","Furniture Mart","Jl. Cikawao No. 9091"
"711","Auto Parts","Jl. Sudirman No. 1213"
"712","Auto Zone","Jl. Cikapayang No. 9495"
"713","Gift Shop","Jl. Cikutra No. 9899"
"714","Toyland","Jl. Gajah Mada No. 2829"
"715","Stationery Store","Jl. Sudirman No. 1213"
"716","Music Mania","Jl. Cihampelas No. 3637"
"717","Kitchen Essentials","Jl. Cikawao No. 9091"
"718","Outdoor Gear","Jl. Cikawao No. 9091"
"719","Outdoor Adventure","Jl. Cikapayang No. 8283"
"720","Art Supplies","Jl. Cikapayang No. 6465"
"721","Toy Box","Jl. Riau No. 4243"
"722","Music Mania","Jl. Ahmad Yani No. 1617"
"723","Gourmet Delights","Jl. Gatot Subroto No. 1415"
"724","Jewelry Palace","Jl. Cikawao No. 7879"
"725","Wellness Center","Jl. Pasteur No. 4647"
"726","Kitchen Essentials","Jl. Cihampelas No. 3637"
"727","Garden Oasis","Jl. Pahlawan No. 789"
"728","Gadget Galaxy","Jl. Cipaganti No. 4445"
"729","Fashion World","Jl. Cikapayang No. 7677"
"730","Gadget Galaxy","Jl. Cikutra No. 8081"
"731","Stationery Store","Jl. Diponegoro No. 1011"
"732","Garden Oasis","Jl. Cikutra No. 7475"
"733","Book Haven","Jl. Setiabudi No. 3839"
"734","Baby Land","Jl. Cihampelas No. 3637"
"735","Auto Zone","Jl. Ahmad Yani No. 1617"
"736","Outdoor Adventure","Jl. Cikutra No. 8687"
"737","Tool Shed","Jl. Cikutra No. 6263"
"738","Electronics Express","Jl. Cikawao No. 7273"
"739","Auto Zone","Jl. Asia Afrika No. 2021"
"740","Shoe Emporium","Jl. Cikapayang No. 8889"
"741","Outdoor Gear","Jl. Ahmad Yani No. 1617"
"742","Beauty Emporium","Jl. Diponegoro No. 1011"
"743","Music Lounge","Jl. Surya Sumantri No. 5859"
"744","Supermart","Jl. Dago No. 5253"
"745","Outdoor Adventure","Jl. Cikutra No. 7475"
"746","Music Lounge","Jl. Cikapayang No. 7071"
"747","Fashion World","Jl. Riau No. 4243"
"748","Gourmet Delights","Jl. Cikapayang No. 9495"
"749","Sports Zone","Jl. Cikawao No. 7879"
"750","Music Lounge","Jl. Ciumbuleuit No. 5051"
"751","Music Lounge","Jl. Cikapayang No. 9495"
"752","Travel Gear","Jl. Setiabudi No. 3839"
"753","Auto Parts","Jl. Cikawao No. 8485"
"754","Health Corner","Jl. Cikapayang No. 8283"
"755","Gourmet Delights","Jl. Juanda No. 4041"
"756","Music Mania","Jl. Cikutra No. 7475"
"757","Vintage Treasures","Jl. Dago No. 5253"
"758","Happy Mart","Jl. Dipati Ukur No. 3435"
"759","Fashion World","Jl. Cikawao No. 6667"
"760","Music Mania","Jl. Juanda No. 4041"
"761","Game Haven","Jl. Siliwangi No. 5455"
"762","Shoe Emporium","Jl. Dago No. 5253"
"763","Home Decor","Jl. Cikapayang No. 9495"
"764","Pet Shop","Jl. Cisitu No. 6061"
"765","Fitness Hub","Jl. Juanda No. 4041"
"766","Gadget Galaxy","Jl. Cikawao No. 9091"
"767","Beauty Emporium","Jl. Gatot Subroto No. 1415"
"768","Wellness Center","Jl. Dipati Ukur No. 3435"
"769","Furniture Mart","Jl. Juanda No. 4041"
"770","Fashion World","Jl. Asia Afrika No. 2021"
"771","Food Paradise","Jl. Pahlawan No. 789"
"772","Supermart","Jl. Hayam Wuruk No. 2425"
"773","Auto Zone","Jl. Thamrin No. 2223"
"774","Gadget Galaxy","Jl. Cisitu No. 6061"
"775","Pet Supplies","Jl. Cikapayang No. 9495"
"776","Craft Corner","Jl. Cikutra No. 9293"
"777","Art Gallery","Jl. Cikawao No. 7273"
"778","Outdoor Adventure","Jl. Cikutra No. 6263"
"779","Vintage Treasures","Jl. Sisingamangaraja No. 3031"
"780","Book Haven","Jl. Veteran No. 1819"
"781","Home Decor","Jl. Sisingamangaraja No. 3031"
"782","Kitchen Essentials","Jl. Dago No. 5253"
"783","Comic Book Store","Jl. Cikapayang No. 7677"
"784","Gift Shop","Jl. Raya No. 123"
"785","Auto Parts","Jl. Padjajaran No. 5657"
"786","Baby Boutique","Jl. Ahmad Yani No. 1617"
"787","Wellness Center","Jl. Cikapayang No. 7677"
"788","Music Lounge","Jl. Cikutra No. 6869"
"789","Outdoor Adventure","Jl. Merdeka No. 456"
"790","Health Corner","Jl. Gatot Subroto No. 1415"
"791","Beauty Emporium","Jl. Cikutra No. 6263"
"792","Gourmet Delights","Jl. Padjajaran No. 5657"
"793","Travel Gear","Jl. Ciumbuleuit No. 5051"
"794","Jewelry Palace","Jl. Gajah Mada No. 2829"
"795","Fashion Outlet","Jl. Riau No. 4243"
"796","Garden Oasis","Jl. Cikapayang No. 6465"
"797","Travel Gear","Jl. Diponegoro No. 1011"
"798","Pet Supplies","Jl. Gatot Subroto No. 1415"
"799","Sports Zone","Jl. Juanda No. 4041"
"800","Outdoor Gear","Jl. Hayam Wuruk No. 2425"
"801","Art Supplies","Jl. Juanda No. 4041"
"802","Music Lounge","Jl. Juanda No. 4041"
"803","Beauty Boutique","Jl. Cisitu No. 6061"
"804","Auto Zone","Jl. Cikutra No. 9293"
"805","Pet Shop","Jl. Thamrin No. 2223"
"806","Gadget Galaxy","Jl. Thamrin No. 2223"
"807","Baby Land","Jl. Veteran No. 1819"
"808","Supermart","Jl. Cikawao No. 6667"
"809","Health Corner","Jl. Sukajadi No. 4849"
"810","Game Haven","Jl. Thamrin No. 2223"
"811","Music Lounge","Jl. Cihampelas No. 3637"
"812","Pet Shop","Jl. Juanda No. 4041"
"813","Sports Arena","Jl. Gajah Mada No. 2829"
"814","Jewelry Palace","Jl. Cikutra No. 9899"
"815","Stationery Store","Jl. Cikawao No. 6667"
"816","Beauty Boutique","Jl. Cikawao No. 6667"
"817","Travel Gear","Jl. Cikapayang No. 7071"
"818","Vintage Treasures","Jl. Cikapayang No. 9495"
"819","Music Lounge","Jl. Veteran No. 1819"
"820","Art Supplies","Jl. Pasteur No. 4647"
"821","Stationery Stop","Jl. Teuku Umar No. 3233"
"822","Pet Supplies","Jl. Diponegoro No. 1011"
"823","Home Decor","Jl. Cikutra No. 9899"
"824","Sports Arena","Jl. Cikutra No. 8687"
"825","Tech Zone","Jl. Gajah Mada No. 2829"
"826","Furniture Mart","Jl. Cikapayang No. 9495"
"827","Outdoor Adventure","Jl. Juanda No. 4041"
"828","Fashion Outlet","Jl. Cisitu No. 6061"
"829","Stationery Stop","Jl. Cikutra No. 8081"
"830","Fashion Outlet","Jl. Cikawao No. 6667"
"831","Comic Book Store","Jl. Ahmad Yani No. 1617"
"832","Auto Zone","Jl. Diponegoro No. 1011"
"833","Beauty Boutique","Jl. Cikawao No. 7879"
"834","Game Haven","Jl. Sisingamangaraja No. 3031"
"835","Vintage Treasures","Jl. Cikutra No. 6869"
"836","Jewelry Palace","Jl. Cikutra No. 7475"
"837","Sports Zone","Jl. Dipati Ukur No. 3435"
"838","Book Haven","Jl. Cikutra No. 7475"
"839","Game Haven","Jl. Cikawao No. 9091"
"840","Pet Supplies","Jl. Sudirman No. 1213"
"841","Happy Mart","Jl. Cikutra No. 7475"
"842","Stationery Store","Jl. Cihampelas No. 3637"
"843","Beauty Emporium","Jl. Merdeka No. 456"
"844","Game Haven","Jl. Raya No. 123"
"845","Fashion Outlet","Jl. Veteran No. 1819"
"846","Auto Zone","Jl. Cikawao No. 7273"
"847","Gadget Galaxy","Jl. Pahlawan No. 789"
"848","Party Central","Jl. Cikawao No. 7273"
"849","Shoe Emporium","Jl. Padjajaran No. 5657"
"850","Party Central","Jl. Gatot Subroto No. 1415"
"851","Vintage Treasures","Jl. Cikawao No. 8485"
"852","Electro World","Jl. Gatot Subroto No. 1415"
"853","Toy Box","Jl. Cikutra No. 9293"
"854","Food Paradise","Jl. Surya Sumantri No. 5859"
"855","Kitchen Essentials","Jl. Pahlawan No. 789"
"856","Baby Boutique","Jl. Siliwangi No. 5455"
"857","Bookworm's Paradise","Jl. Dago No. 5253"
"858","Gourmet Delights","Jl. Cikawao No. 8485"
"859","Home Essentials","Jl. Cikapayang No. 8889"
"860","Art Supplies","Jl. Veteran No. 1819"
"861","Comic Book Store","Jl. Sudirman No. 1213"
"862","Food Paradise","Jl. Cikutra No. 7475"
"863","Craft Corner","Jl. Cikapayang No. 7677"
"864","Wellness Center","Jl. Cikutra No. 9293"
"865","Gourmet Delights","Jl. Diponegoro No. 1011"
"866","Music Lounge","Jl. Cikapayang No. 7071"
"867","Electronics Express","Jl. Cikawao No. 7879"
"868","Beauty Emporium","Jl. Cikutra No. 8687"
"869","Happy Mart","Jl. Cikutra No. 6869"
"870","Pet Supplies","Jl. Cikutra No. 9899"
"871","Book Haven","Jl. Setiabudi No. 3839"
"872","Fashion World","Jl. Sudirman No. 1213"
"873","Beauty Emporium","Jl. Ahmad Yani No. 1617"
"874","Kitchen Essentials","Jl. Cikawao No. 9091"
"875","Kitchen Essentials","Jl. Teuku Umar No. 3233"
"876","Travel Gear","Jl. Siliwangi No. 5455"
"877","Stationery Store","Jl. Dago No. 5253"
"878","Fitness Hub","Jl. Cikutra No. 6263"
"879","Comic Book Store","Jl. Sisingamangaraja No. 3031"
"880","Sports Zone","Jl. Diponegoro No. 1011"
"881","Electro World","Jl. Cikawao No. 9091"
"882","Electro World","Jl. Sukajadi No. 4849"
"883","Comic Book Store","Jl. Juanda No. 4041"
"884","Beauty Emporium","Jl. Juanda No. 4041"
"885","Happy Mart","Jl. Pahlawan No. 789"
"886","Wellness Center","Jl. Diponegoro No. 1011"
"887","Happy Mart","Jl. Cikutra No. 8687"
"888","Tech Zone","Jl. Cikutra No. 9899"
"889","Art Gallery","Jl. Cikapayang No. 9495"
"890","Tool Shed","Jl. Padjajaran No. 5657"
"891","Garden Oasis","Jl. Juanda No. 4041"
"892","Vintage Treasures","Jl. Gatot Subroto No. 1415"
"893","Vintage Treasures","Jl. Cikawao No. 9697"
"894","Electro World","Jl. Asia Afrika No. 2021"
"895","Gift Shop","Jl. Teuku Umar No. 3233"
"896","Fashion Outlet","Jl. Raya No. 123"
"897","Fashion Outlet","Jl. Pasteur No. 4647"
"898","Toyland","Jl. Cikutra No. 6869"
"899","Tech Zone","Jl. Hayam Wuruk No. 2425"
"900","Home Essentials","Jl. Dipati Ukur No. 3435"
"901","Pet Shop","Jl. Cikapayang No. 8889"
"902","Party Central","Jl. Cihampelas No. 3637"
"903","Beauty Boutique","Jl. Cikapayang No. 8889"
"904","Vintage Treasures","Jl. Diponegoro No. 1011"
"905","Art Supplies","Jl. Gatot Subroto No. 1415"
"906","Shoe Emporium","Jl. Cikapayang No. 6465"
"907","Toy Box","Jl. Pasteur No. 4647"
"908","Game Haven","Jl. Riau No. 4243"
"909","Tool Shed","Jl. Cikutra No. 8081"
"910","Beauty Emporium","Jl. Juanda No. 4041"
"911","Art Gallery","Jl. Pasteur No. 4647"
"912","Sports Zone","Jl. Ahmad Yani No. 1617"
"913","Music Mania","Jl. Cikutra No. 6869"
"914","Auto Zone","Jl. Diponegoro No. 1011"
"915","Music Lounge","Jl. Sudirman No. 1213"
"916","Pet Supplies","Jl. Siliwangi No. 5455"
"917","Gadget Galaxy","Jl. Padjajaran No. 5657"
"918","Wellness Center","Jl. Sukajadi No. 4849"
"919","Party Central","Jl. Asia Afrika No. 2021"
"920","Furniture Mart","Jl. Sisingamangaraja No. 3031"
"921","Jewelry Palace","Jl. Cikapayang No. 7071"
"922","Home Decor","Jl. Cikapayang No. 7071"
"923","Auto Parts","Jl. Juanda No. 4041"
"924","Gift Shop","Jl. Cikutra No. 6263"
"925","Home Decor","Jl. Dago No. 5253"
"926","Gadget Galaxy","Jl. Veteran No. 1819"
"927","Baby Boutique","Jl. Sisingamangaraja No. 3031"
"928","Kitchen Essentials","Jl. Cikawao No. 8485"
"929","Fitness Hub","Jl. Cikutra No. 8687"
"930","Vintage Treasures","Jl. Cikawao No. 8485"
"931","Kitchen Essentials","Jl. Cikawao No. 7879"
"932","Electro World","Jl. Cikapayang No. 9495"
"933","Electronics Express","Jl. Cihampelas No. 3637"
"934","Furniture Mart","Jl. Cikapayang No. 8283"
"935","Health Corner","Jl. Merdeka No. 456"
"936","Electro World","Jl. Cikapayang No. 8283"
"937","Gadget Galaxy","Jl. Gajah Mada No. 2829"
"938","Travel Gear","Jl. Cikapayang No. 7071"
"939","Beauty Boutique","Jl. Cikawao No. 9697"
"940","Pet Shop","Jl. Raya No. 123"
"941","Toyland","Jl. Sudirman No. 1213"
"942","Jewelry Palace","Jl. Cikutra No. 8687"
"943","Fashion World","Jl. Raya No. 123"
"944","Electro World","Jl. Setiabudi No. 3839"
"945","Electronics Express","Jl. Cikapayang No. 7071"
"946","Fashion Outlet","Jl. Siliwangi No. 5455"
"947","Stationery Stop","Jl. Teuku Umar No. 3233"
"948","Stationery Store","Jl. Cikutra No. 8081"
"949","Tool Shed","Jl. Juanda No. 4041"
"950","Party Central","Jl. Cikapayang No. 7677"
"951","Vintage Treasures","Jl. Siliwangi No. 5455"
"952","Happy Mart","Jl. Thamrin No. 2223"
"953","Beauty Emporium","Jl. Siliwangi No. 5455"
"954","Garden Oasis","Jl. Cikutra No. 6869"
"955","Pet Shop","Jl. Padjajaran No. 5657"
"956","Supermart","Jl. Thamrin No. 2223"
"957","Home Essentials","Jl. Diponegoro No. 1011"
"958","Fashion Outlet","Jl. Cipaganti No. 4445"
"959","Baby Boutique","Jl. Ciumbuleuit No. 5051"
"960","Supermart","Jl. Padjajaran No. 5657"
"961","Stationery Stop","Jl. Asia Afrika No. 2021"
"962","Stationery Stop","Jl. Cikawao No. 6667"
"963","Beauty Boutique","Jl. Sukajadi No. 4849"
"964","Fitness Hub","Jl. Cikutra No. 6263"
"965","Stationery Stop","Jl. Pasteur No. 4647"
"966","Outdoor Gear","Jl. Setiabudi No. 3839"
"967","Home Decor","Jl. Pahlawan No. 789"
"968","Comic Book Store","Jl. Teuku Umar No. 3233"
"969","Auto Parts","Jl. Cikutra No. 8687"
"970","Auto Zone","Jl. Cikapayang No. 9495"
"971","Health Corner","Jl. Cikutra No. 9293"
"972","Art Gallery","Jl. Diponegoro No. 1011"
"973","Travel Gear","Jl. Teuku Umar No. 3233"
"974","Baby Land","Jl. Cikawao No. 6667"
"975","Auto Parts","Jl. Dipati Ukur No. 3435"
"976","Electronics Express","Jl. Cikawao No. 7879"
"977","Outdoor Gear","Jl. Dago No. 5253"
"978","Wellness Center","Jl. Diponegoro No. 1011"
"979","Jewelry Palace","Jl. Dipati Ukur No. 3435"
"980","Gourmet Delights","Jl. Sukajadi No. 4849"
"981","Garden Oasis","Jl. Cihampelas No. 3637"
"982","Toyland","Jl. Sukajadi No. 4849"
"983","Furniture Mart","Jl. Cikapayang No. 6465"
"984","Furniture Mart","Jl. Sisingamangaraja No. 3031"
"985","Vintage Treasures","Jl. Cipaganti No. 4445"
"986","Home Decor","Jl. Cikapayang No. 7071"
"987","Health Corner","Jl. Cikawao No. 8485"
"988","Beauty Boutique","Jl. Cikutra No. 6263"
"989","Supermart","Jl. Juanda No. 4041"
"990","Vintage Treasures","Jl. Siliwangi No. 5455"
"991","Stationery Stop","Jl. Cikapayang No. 7677"
"992","Supermart","Jl. Ahmad Yani No. 1617"
"993","Garden Oasis","Jl. Teuku Umar No. 3233"
"994","Home Decor","Jl. Cihampelas No. 3637"
"995","Outdoor Gear","Jl. Cikutra No. 6869"
"996","Auto Zone","Jl. Gajah Mada No. 2829"
"997","Supermart","Jl. Pahlawan No. 789"
"998","Vintage Treasures","Jl. Cikawao No. 9697"
"999","Electronics Express","Jl. Cikapayang No. 8283"
"1000","Fashion World","Jl. Teuku Umar No. 3233"
